{
    "accuracy": 0.8034,
    "precision": 0.6726,
    "recall": 0.5053,
    "f1_score": 0.5771,
    "roc_auc": 0.8459,
    "confusion_matrix": [
        [
            943,
            92
        ],
        [
            185,
            189
        ]
    ],
    "classification_report": {
        "0": {
            "precision": 0.8359929078014184,
            "recall": 0.9111111111111111,
            "f1-score": 0.8719371243643088,
            "support": 1035.0
        },
        "1": {
            "precision": 0.6725978647686833,
            "recall": 0.5053475935828877,
            "f1-score": 0.5770992366412214,
            "support": 374.0
        },
        "accuracy": 0.8034066713981547,
        "macro avg": {
            "precision": 0.7542953862850509,
            "recall": 0.7082293523469994,
            "f1-score": 0.7245181805027652,
            "support": 1409.0
        },
        "weighted avg": {
            "precision": 0.7926219027664696,
            "recall": 0.8034066713981547,
            "f1-score": 0.7936763933434182,
            "support": 1409.0
        }
    }
}